{
  "project_info": {
    "project_id": "iupat-dc-711",
    "project_number": "720859137196",
    "name": "IUPAT DC 711"
  },
  "client": [
    {
      "client_info": {
        "mobilesdk_app_id": "1:720859137196:android:7c28a1b0daee3f02",
        "client_id": "android:com.mosaicstg.iupatdc711",
        "client_type": 1,
        "android_client_info": {
          "package_name": "com.mosaicstg.iupatdc711",
          "certificate_hash": []
        }
      },
      "oauth_client": [],
      "api_key": [],
      "services": {
        "analytics_service": {
          "status": 1
        },
        "cloud_messaging_service": {
          "status": 2,
          "apns_config": []
        },
        "appinvite_service": {
          "status": 1,
          "other_platform_oauth_client": []
        },
        "google_signin_service": {
          "status": 1
        },
        "ads_service": {
          "status": 1
        }
      }
    }
  ],
  "client_info": [],
  "ARTIFACT_VERSION": "1"
}